,rank,name,mcap,mcap_raw,inflow,outflow,netflow,inflow_raw,outflow_raw,netflow_raw
0,1,BTC,$518.9B,518851160825.199000000,$312.1M,$305.6M,$6.6M,312142291.39881057,305584242.68395394,6558048.714856614
1,2,ETH,$196.5B,196501039539.963800000,$141.3M,$171.7M,$-30.4M,141291502.97220677,171734370.95665348,-30442867.984446697
2,3,HIFI,$105.4M,105430026.449603740,$105.6M,$116.4M,$-10.8M,105566075.86258104,116351455.06224635,-10785379.199665297
3,4,XRP,$26.6B,26566860587.249360000,$57.5M,$61.8M,$-4.2M,57522715.70573871,61769089.16196695,-4246373.456228236
4,5,WLD,$173.5M,173514339.991507980,$50.3M,$56.4M,$-6.1M,50283105.178244755,56408249.16265426,-6125143.9844095
5,6,USDC,$26.2B,26244681110.126995000,$26.2M,$55.6M,$-29.5M,26153116.84984105,55604717.919126436,-29451601.06928539
6,7,USDT,$83.4B,83364684070.584490000,$37.9M,$37.9M,$-22.1K,37885053.92473306,37907191.16516609,-22137.240433043524
7,8,BNB,$33.4B,33370263004.755657000,$37.7M,$30M,$7.7M,37685394.050134465,30000024.13040961,7685369.919724858
8,9,FRONT,$23.2M,23212193.165999997,$34.1M,$33M,$1.2M,34137601.56608835,32954563.8165823,1183037.749506052
9,10,TRB,$66.9M,66858965.567152230,$24M,$25.1M,$-1M,24045127.48079747,25051946.226450723,-1006818.7456532528
10,11,LTC,$4.7B,4736655484.325163000,$25.6M,$23.4M,$2.2M,25574343.077005535,23362728.181783855,2211614.895221678
12,13,BUSD,$2.6B,2605073736.321798300,$17.5M,$20.8M,$-3.3M,17517710.88163599,20825372.209075656,-3307661.32743967
13,14,SOL,$7.8B,7835997097.424616000,$18M,$17.9M,$123.4K,18031208.013508968,17907831.25215336,123376.76135560859
14,15,BCH,$4.2B,4166725110.368212700,$17.2M,$17.4M,$-194K,17238849.572231103,17432874.052151687,-194024.47992058512
15,16,DOGE,$8.8B,8763482965.750174000,$13.3M,$17M,$-3.7M,13293266.473510472,17042001.219336327,-3748734.745825857
16,17,STORJ,$148.7M,148708307.636733650,$14.5M,$13.3M,$1.2M,14506939.6901894,13340620.50204024,1166319.1881491581
17,18,RUNE,$638.3M,638301595.624221300,$13.1M,$11.5M,$1.6M,13109051.398858028,11470237.362575913,1638814.0362821142
18,19,TUSD,$3.2B,3191093386.747699000,$9.7M,$13.9M,$-4.2M,9739248.025191162,13899939.17267358,-4160691.1474824185
19,20,MTL,$82.3M,82349726.866710040,$11.6M,$11.7M,$-131.3K,11574173.803236429,11705444.989926394,-131271.18668996566
20,21,TON,$8.1B,8099296511.242637000,$11.2M,$12.1M,$-916.6K,11177949.909925662,12094511.547966925,-916561.6380412632
21,22,TRX,$7.5B,7451446148.386935000,$10.8M,$12.1M,$-1.3M,10835272.649429247,12098688.584513173,-1263415.9350839246
22,23,APE,$414.1M,414094863.903145800,$11M,$11.4M,$-432.3K,10984621.046411276,11416956.451296503,-432335.4048852277
23,24,FIDA,$7M,6998580.854230285,$11M,$11.4M,$-406.4K,10985155.967399409,11391593.451521266,-406437.4841218581
25,26,STPT,$103.3M,103311915.825358520,$11.3M,$10M,$1.3M,11328648.822965682,9986149.5719967,1342499.2509689804
26,27,BLZ,$62M,62029740.690903140,$9.9M,$8.8M,$1.1M,9854984.044217603,8765879.154355789,1089104.8898618133
27,28,AUCTION,$31.5M,31493748.508543400,$8.8M,$9.8M,$-961.6K,8799709.362659195,9761273.871474499,-961564.508815304
28,29,ARB,$1B,1035320592.684375000,$8.3M,$9.9M,$-1.6M,8277644.649728325,9916083.040457211,-1638438.3907288855
29,30,BAKE,$32.7M,32723269.545520566,$8.5M,$9M,$-510.5K,8526812.6254087,9037325.56113146,-510512.93572276004
30,31,MATIC,$4.9B,4886068507.821343000,$8.5M,$8.8M,$-294.9K,8462534.62699094,8757406.880059492,-294872.2530685507
31,32,PERP,$41.1M,41078768.517517395,$8.4M,$8.2M,$230.6K,8380649.142917568,8150066.642830393,230582.50008717488
32,33,OP,$1.1B,1104745614.983955900,$7.4M,$9.1M,$-1.7M,7378202.855666022,9112318.695493078,-1734115.839827056
33,34,LINK,$3.3B,3332545081.633377000,$8M,$8.2M,$-259.8K,7959025.1167440675,8218804.884517755,-259779.76777368845
34,35,SHIB,$4.3B,4327846409.377362000,$7.9M,$8M,$-123.3K,7901152.599089313,8024492.475957725,-123339.87686841207
35,36,CFX,$398.8M,398803218.388212260,$7.4M,$8.3M,$-872.4K,7449635.6037487015,8322043.707015739,-872408.1032670368
36,37,SUI,$352.1M,352118505.605881800,$7.3M,$8.3M,$-1M,7267496.986879864,8280541.833114456,-1013044.846234592
37,38,ALCX,$24.6M,24573527.849085920,$7.4M,$8.1M,$-736.7K,7357449.3776395405,8094141.513881364,-736692.1362418237
38,39,STMX,$57.9M,57940000.000000010,$7.1M,$7.8M,$-746.4K,7057821.240862679,7804231.616826857,-746410.3759641788
39,40,FDUSD,$393.8M,393805543.292205600,$7.5M,$7.2M,$337.4K,7529596.54726877,7192166.34552959,337430.20173917967
40,41,FIL,$1.5B,1505223606.836924300,$7M,$7.5M,$-510.1K,6973303.515020885,7483388.406543149,-510084.8915222645
41,42,AAVE,$884.9M,884923511.401817100,$7M,$7.5M,$-457K,6994609.502986284,7451591.641370324,-456982.1383840401
42,43,XMR,$2.6B,2649406555.856334000,$6.9M,$7.5M,$-602.2K,6857841.058725913,7460090.130824873,-602249.0720989595
43,44,ADA,$8.8B,8812496617.235443000,$6.9M,$7M,$-63.5K,6894386.804127135,6957926.533099193,-63539.72897205787
44,45,SXP,$162.9M,162862008.137320500,$6.4M,$7.3M,$-857.1K,6433291.346346036,7290366.93330954,-857075.5869635046
45,46,AVAX,$3.3B,3259482349.735632400,$6.2M,$6.8M,$-645.5K,6196739.239461308,6842237.486850943,-645498.2473896346
46,47,XLM,$3.2B,3236893101.995291700,$6.2M,$6.7M,$-424.2K,6247490.430660207,6671651.728133514,-424161.2974733059
47,48,FORTH,$44.7M,44722083.282635780,$6.3M,$6.4M,$-186.6K,6258951.7906760955,6445596.826005736,-186645.0353296409
48,49,ARK,$91.5M,91484663.475894540,$5.5M,$6.9M,$-1.4M,5530264.08465883,6929583.3265987,-1399319.2419398697
49,50,ATOM,$2.6B,2589453793.560445300,$6.4M,$6M,$403.7K,6428611.789737595,6024933.937107936,403677.85262965877
50,51,MULTI,$33.6M,33622488.656388514,$5.4M,$6.4M,$-997.4K,5426834.982441457,6424239.728044737,-997404.74560328
51,52,PEPE,$261M,260952890.765560000,$5.1M,$6.1M,$-972.6K,5104811.737393389,6077371.716981582,-972559.9795881923
52,53,EGLD,$671.6M,671619818.107397000,$5.8M,$5.3M,$451.6K,5765392.067385688,5313837.3246641215,451554.7427215677
53,54,MKR,$1.3B,1250098294.199646700,$5.5M,$5.5M,$-50.6K,5480875.645763947,5531491.753819797,-50616.10805585061
54,55,UNFI,$44.8M,44787495.773460284,$5.1M,$5.7M,$-560.5K,5093517.762626907,5654020.617781308,-560502.8551544014
55,56,GALA,$343.4M,343403222.196074400,$5M,$5.7M,$-739.6K,4950696.746615554,5690296.228879063,-739599.4822635093
56,57,FLOW,$464.8M,464769458.359800000,$4.9M,$5.4M,$-552.8K,4896613.682689264,5449457.2928563,-552843.6101670364
57,58,DOT,$5.1B,5055549579.156546000,$4.9M,$5.5M,$-596.6K,4861562.865020514,5458178.18036432,-596615.3153438075
58,59,ELF,$241.6M,241630118.287983830,$5.8M,$4.5M,$1.3M,5809894.053314997,4507479.849447446,1302414.2038675514
59,60,XVS,$70M,69997031.028097690,$5M,$5.1M,$-40K,5014941.425068319,5054929.501522219,-39988.07645389982
60,61,BURGER,$14.9M,14856089.495337237,$5M,$4.8M,$224.9K,5023265.247243419,4798318.482880039,224946.7643633808
61,62,OXT,$62.6M,62646720.741376010,$4.7M,$5.1M,$-352.3K,4718651.058609085,5070943.898769173,-352292.8401600872
62,63,CVP,$9.7M,9693093.224787370,$4.8M,$4.5M,$315.4K,4831057.062812517,4515622.031084432,315435.0317280849
63,64,AUDIO,$171.3M,171345010.955154060,$4.4M,$4.5M,$-141.9K,4386834.263637206,4528694.424735291,-141860.1610980843
64,65,VIDT,$13.9M,13941436.752807695,$4.2M,$4.2M,$-29.8K,4218461.103129368,4248234.526954635,-29773.423825266713
65,66,ENTC,$0,0.000000000,$3.7M,$4.1M,$-365.2K,3722341.667523391,4087542.864201466,-365201.196678075
66,67,APT,$1.2B,1217024192.878137400,$3.9M,$3.8M,$125.9K,3945079.7549204994,3819140.9723111754,125938.78260932401
67,68,RAD,$70.8M,70848840.970374500,$3.7M,$3.9M,$-240.1K,3690021.824119851,3930120.482489937,-240098.65837008553
68,69,KAVA,$485.3M,485308861.923968400,$3.6M,$4M,$-366.7K,3617773.6132437503,3984444.608274177,-366670.9950304272
69,70,PROS,$7.6M,7550252.519644118,$3.7M,$3.8M,$-139.3K,3710340.39383484,3849641.93158333,-139301.53774848997
70,71,HBAR,$1.7B,1673539409.627496500,$3.4M,$3.7M,$-247K,3422462.9143584426,3669475.4188019,-247012.50444345735
71,72,FET,$190.2M,190186879.775081870,$3.3M,$3.8M,$-525.9K,3273739.511250051,3799636.5889333123,-525897.0776832609
72,73,CRV,$381.3M,381305628.910828650,$3.4M,$3.5M,$-98.3K,3429742.655196709,3528038.1122446726,-98295.45704796349
73,74,HOOK,$41.5M,41531053.668750000,$3.4M,$3.5M,$-75.9K,3412354.270740784,3488232.121586926,-75877.8508461419
74,75,ID,$77.7M,77702767.403434040,$2.2M,$4.3M,$-2.1M,2234474.473996545,4288273.325416336,-2053798.851419791
75,76,AGLD,$37.9M,37949976.602010320,$3.5M,$2.9M,$574.8K,3486718.132791695,2911891.6261867606,574826.5066049345
76,77,EOS,$626.2M,626223620.583449000,$2.9M,$3.4M,$-443.7K,2941189.161567678,3384919.494286283,-443730.3327186044
77,78,VET,$1.3B,1283942194.988542000,$3.1M,$3.2M,$-107.3K,3076397.418349966,3183702.2713726363,-107304.85302267055
78,79,ETC,$2.2B,2216046385.573653000,$2.6M,$3.4M,$-793.3K,2640491.1274086935,3433759.2211202905,-793268.0937115969
79,80,INJ,$599.8M,599813502.112770100,$3.1M,$2.9M,$157.3K,3088366.721691955,2931064.612141345,157302.10955060975
80,81,RNDR,$591.4M,591441343.516151400,$2.9M,$2.8M,$43.3K,2885855.4989612726,2842533.5211743787,43321.977786894044
81,82,CORE,$60.8M,60826204.763564910,$2.7M,$3M,$-382.3K,2657342.607727017,3039594.2611008035,-382251.6533737866
82,83,WING,$19.2M,19168940.953541320,$2.7M,$2.8M,$-127.2K,2717451.572699942,2844606.3477847874,-127154.77508484552
83,84,AXS,$645.2M,645191260.161416400,$2.4M,$3.1M,$-710.4K,2400274.7958125114,3110631.0867274036,-710356.2909148922
84,85,ACH,$102.3M,102335600.399258750,$2.4M,$3M,$-582.9K,2396521.6586316912,2979429.479628436,-582907.8209967447
85,86,FTM,$538M,538015138.150650700,$2.3M,$3.1M,$-800.1K,2269613.497236676,3069719.090122446,-800105.59288577
86,87,COMP,$305.7M,305678579.987267900,$2.3M,$3M,$-651.6K,2316985.5703088585,2968635.445677245,-651649.875368386
87,88,FLM,$45M,44951613.862706200,$2.6M,$2.5M,$83.7K,2613812.3383106976,2530085.966280718,83726.3720299797
88,89,LEVER,$33M,32954792.045810020,$2.6M,$2.5M,$88.2K,2600407.5065388596,2512219.922841005,88187.58369785442
89,90,PSG,$14.7M,14730946.551042560,$2.4M,$2.6M,$-167.3K,2437091.300928254,2604343.901104143,-167252.60017588869
90,91,YGG,$55.5M,55457247.434700005,$2.2M,$2.8M,$-562.4K,2228907.701587279,2791351.721201351,-562444.0196140717
91,92,SAND,$625M,624964768.470531300,$2.4M,$2.5M,$-119.3K,2353090.3434190266,2472351.083080288,-119260.7396612618
92,93,MAV,$58.2M,58200168.075000000,$2.2M,$2.5M,$-327.2K,2216778.666115501,2543936.5510116993,-327157.8848961982
93,94,OG,$18.2M,18243401.833019460,$2.1M,$2.6M,$-485.6K,2132033.763868562,2617669.5145452926,-485635.75067673053
94,95,ZBC,$34.6M,34602646.607130000,$2.6M,$2.1M,$560.7K,2638231.681246178,2077534.595878279,560697.0853678992
95,96,UNI,$2.5B,2511571353.247741700,$2.5M,$2.2M,$291K,2469359.499057495,2178406.2109927465,290953.28806474863
96,97,WAXP,$141.5M,141515512.192242900,$2.3M,$2.2M,$54.7K,2302479.537022683,2247807.3678648463,54672.169157836586
97,98,LIT,$26.5M,26533258.723734215,$2.1M,$2.2M,$-88.6K,2140243.1047609076,2228862.4295136975,-88619.32475279029
98,99,SPELL,$51.1M,51107150.382183060,$2.1M,$2.3M,$-142K,2112194.8123457795,2254217.637881796,-142022.82553601684
99,100,GRT,$791.8M,791830359.015714400,$2.2M,$2.1M,$125.7K,2235942.246895989,2110213.9063065355,125728.34058945354
100,101,WAVES,$172.7M,172709952.790025380,$1.9M,$2.4M,$-517.2K,1912803.2304294896,2429984.0266793356,-517180.7962498461
101,102,ARKM,$52.9M,52868687.975000000,$2M,$2.3M,$-316.1K,2004602.0512641035,2320681.0674026306,-316079.01613852684
102,103,ALPINE,$20.8M,20793017.236416000,$2M,$2.3M,$-330.6K,1993568.5720668077,2324198.0359880114,-330629.4639212038
103,104,USTC,$122.5M,122521447.647206780,$2.1M,$2.2M,$-70.7K,2100988.608250801,2171720.278710612,-70731.67045981108
105,106,DYDX,$306M,305986146.844076450,$1.9M,$2.4M,$-487.4K,1879676.6640828124,2367041.095493795,-487364.43141098233
106,107,KNC,$101.6M,101551472.341382320,$2M,$2.2M,$-220.7K,1993273.0734254294,2213954.164927939,-220681.0915025095
107,108,ICP,$1.3B,1326717934.414482600,$2.1M,$2.1M,$76.8K,2137311.525744986,2060554.3284091752,76757.1973358104
108,109,LUNC,$336.6M,336579315.302317700,$1.9M,$2.2M,$-314.5K,1858628.9952163976,2173164.4600469903,-314535.46483059274
109,110,VTHO,$86.5M,86510037.100978330,$2.1M,$1.9M,$159.3K,2091602.6990750001,1932307.563256,159295.13581900016
110,111,KEY,$30.8M,30772157.754134525,$1.8M,$2.1M,$-236.1K,1814347.3942405018,2050495.7130940647,-236148.31885356293
111,112,EDU,$82.9M,82858695.790554180,$1.9M,$2M,$-102.4K,1881176.4905464412,1983580.965816062,-102404.47526962061
112,113,BADGER,$43.1M,43122173.404717370,$1.8M,$2M,$-215.5K,1814875.4222625988,2030394.8513408124,-215519.42907821346
113,114,ALGO,$751.4M,751387407.687456100,$1.9M,$1.9M,$-47.1K,1894585.5003541985,1941643.5401895829,-47058.039835384436
114,115,COS,$19.8M,19791644.376582734,$1.9M,$1.9M,$61.6K,1938015.2843235852,1876459.380552343,61555.90377124211
115,116,LDO,$1.4B,1355433421.711739500,$1.8M,$1.9M,$-129.6K,1781173.5065287647,1910726.5286850207,-129553.02215625622
116,117,TVK,$23.5M,23534997.113150040,$1.9M,$1.7M,$224.5K,1935680.57348936,1711194.55063299,224486.02285637008
117,118,QNT,$1.1B,1103895310.511174000,$1.8M,$1.9M,$-126.8K,1752100.446645097,1878864.707465821,-126764.26082072394
118,119,ORDI,$73.7M,73668000.000000000,$1.7M,$1.9M,$-222.4K,1685441.7950774,1907806.8284336,-222365.03335619997
119,120,STX,$645.7M,645655035.741506200,$1.6M,$1.9M,$-308.5K,1628504.216536347,1937031.6535581718,-308527.4370218247
120,121,NEAR,$1B,1049341558.160954000,$1.7M,$1.8M,$-18.9K,1740910.1667260402,1759842.750907341,-18932.584181300837
121,122,RDNT,$66.2M,66214015.316347000,$1.9M,$1.5M,$424.2K,1943863.7637176341,1519659.368163485,424204.39555414923
122,123,AGIX,$222.4M,222433860.624771700,$1.6M,$1.8M,$-236.1K,1582462.8423292944,1818549.5296284375,-236086.68729914288
123,124,FIS,$15.5M,15520496.284891497,$1.7M,$1.7M,$10.9K,1666324.520856574,1655417.5907350606,10906.930121513375
124,125,LPT,$171.2M,171187856.294245800,$1.6M,$1.7M,$-165K,1558859.3499958795,1723872.4818002237,-165013.13180434427
125,126,SSV,$166.3M,166338821.142857160,$1.7M,$1.6M,$36.4K,1658156.990720689,1621717.5631241552,36439.42759653394
126,127,HIGH,$57.7M,57746621.480038010,$1.2M,$2.1M,$-924.8K,1153969.706911902,2078763.7377391383,-924794.0308272365
127,128,CTC,$38.2M,38209554.072171465,$2.4M,$789.7K,$1.6M,2436173.3490984463,789691.7456545157,1646481.6034439304
128,129,AIDOGE,$0,0.000000000,$1.6M,$1.6M,$-51.1K,1569061.002282219,1620119.097339955,-51058.09505773592
129,130,MANA,$562.3M,562332212.798839100,$1.5M,$1.7M,$-215.2K,1473883.7986269537,1689073.5834102063,-215189.7847832524
130,131,MC,$0,0.000000000,$1.6M,$1.5M,$30K,1576626.7643241344,1546615.3794788348,30011.384845299646
131,132,OGN,$49.9M,49864342.719539076,$1.4M,$1.6M,$-182.4K,1449308.5682949158,1631721.201778334,-182412.63348341838
132,133,PERL,$7.4M,7373902.400217741,$1.6M,$1.5M,$75.1K,1565990.000326,1490896.710469,75093.28985699988
133,134,REEF,$30.3M,30269418.789968524,$1.5M,$1.5M,$-13.8K,1471715.4875298827,1485555.1921317296,-13839.704601846846
134,135,KAS,$927.6M,927634098.959194000,$1.3M,$1.6M,$-301.1K,1282467.712464441,1583575.554132804,-301107.84166836296
135,136,MASK,$213M,213023217.619562500,$1.3M,$1.6M,$-280.5K,1280638.4865204867,1561094.9768672185,-280456.49034673173
136,137,BSW,$29.5M,29509235.078477334,$1.4M,$1.5M,$-130.4K,1354054.8249484454,1484419.8629659652,-130365.0380175198
137,138,TRU,$38.5M,38475714.182508640,$1.4M,$1.5M,$-117.3K,1352841.9228012713,1470119.350432309,-117277.42763103778
138,139,BOND,$18.1M,18086580.901052702,$1.4M,$1.4M,$-42.3K,1385773.3044098483,1428034.2505284094,-42260.946118561
139,140,LUNA,$146.1M,146061476.297089900,$1.3M,$1.5M,$-266.5K,1273478.534974448,1539967.5475490694,-266489.0125746215
140,141,AKRO,$42M,42037645.175240070,$1.3M,$1.5M,$-188.9K,1280905.359238833,1469791.192832259,-188885.83359342586
141,142,MAGIC,$115.7M,115661286.619028870,$1.4M,$1.3M,$104.7K,1407053.09941528,1302378.5965571713,104674.50285810861
142,143,GAL,$107.4M,107368094.770173370,$1.3M,$1.4M,$-105.2K,1284571.4197494807,1389785.4136064947,-105213.99385701389
143,144,ONE,$133M,132978233.321760340,$1.3M,$1.4M,$-111.1K,1268910.9779612657,1380050.4134983518,-111139.43553708609
144,145,ROA,$0,0.000000000,$1.3M,$1.4M,$-68.1K,1286661.120472848,1354716.800099899,-68055.67962705111
145,146,LINA,$59.2M,59153442.059747510,$1.3M,$1.4M,$-105.5K,1255614.3561292437,1361104.1879484518,-105489.83181920812
146,147,ASTR,$264.1M,264119525.342389080,$1.3M,$1.3M,$13.5K,1296160.574391413,1282682.0926763345,13478.481715078375
147,148,CAKE,$261.4M,261355639.194909100,$1.4M,$1.2M,$142.7K,1355911.7221027396,1213201.2701435506,142710.45195918897
148,149,UFT,$7.3M,7349164.337791297,$1.2M,$1.3M,$-99.1K,1233312.236900584,1332417.505234664,-99105.26833408004
149,150,CHZ,$431.3M,431257062.297076460,$1.2M,$1.3M,$-88.1K,1229485.747127121,1317557.850266421,-88072.10313929993
150,151,LOOM,$53.6M,53631252.328379445,$1.2M,$1.3M,$-63.5K,1240832.85331464,1304296.423912652,-63463.57059801213
151,152,CELO,$220.9M,220931733.994778200,$978.1K,$1.4M,$-464.3K,978082.3715272772,1442346.940768153,-464264.56924087583
152,153,WOZX,$11.6M,11555232.293444310,$1.1M,$1.3M,$-157.9K,1131076.7345600175,1289019.8311176149,-157943.0965575974
153,154,VGX,$35.6M,35562178.751512620,$1.2M,$1.2M,$-20.7K,1197780.16497,1218440.65037,-20660.48539999989
154,155,ORB,$5.3M,5276229.068077420,$1.9M,$518.8K,$1.4M,1890635.4937389148,518759.5192922195,1371875.9744466953
155,156,DF,$14.4M,14360754.713855788,$1.3M,$1.1M,$178.7K,1266418.92003,1087730.3064,178688.61363000004
156,157,SNX,$582.3M,582256920.509006500,$1.1M,$1.2M,$-76.6K,1134069.8655602345,1210689.7905385918,-76619.92497835736
157,158,C98,$79.5M,79489952.846873860,$1.3M,$1M,$271.3K,1296995.5862906494,1025723.7294342357,271271.85685641365
158,159,OAX,$11.7M,11669195.217970744,$1.1M,$1.2M,$-186K,1053401.1034761406,1239409.3017706664,-186008.19829452588
159,160,RSS3,$41.4M,41367780.393246815,$1.2M,$1.1M,$47.7K,1160434.394835216,1112776.3627745258,47658.032060690166
160,161,JASMY,$172M,171952087.731029200,$1.1M,$1.2M,$-129.2K,1057687.8437268427,1186843.7816500636,-129155.93792322074
161,162,GMT,$184.8M,184825138.100479570,$949.7K,$1.2M,$-291.6K,949652.9200530152,1241208.2987394163,-291555.3786864011
162,163,KLAY,$378.7M,378704514.608773770,$1M,$1.1M,$-93.3K,1039860.8714671257,1133159.6570500382,-93298.78558291245
163,164,AR,$287.1M,287145110.426394000,$963.1K,$1.2M,$-236.8K,963082.3244346748,1199851.4552242404,-236769.1307895655
164,165,NEO,$506M,505971336.225434060,$1.1M,$1M,$90.7K,1120530.5763598795,1029823.6316763235,90706.94468355605
165,166,OOKI,$8.1M,8069769.334831816,$1.1M,$1M,$126.7K,1137692.229381744,1010985.3895406309,126706.83984111316
166,167,ZRX,$154.6M,154590238.856549440,$1M,$1.1M,$-103.3K,1022318.0111227218,1125613.468251502,-103295.45712878015
167,168,FARM,$15.8M,15776367.757455343,$1.2M,$949K,$249.4K,1198411.5208653922,948972.7726440021,249438.74822139015
168,169,DODO,$42.6M,42645255.370917610,$928.6K,$1.2M,$-283.1K,928556.3585190462,1211617.7505304068,-283061.3920113606
169,170,IMX,$622.4M,622408702.998231000,$951K,$1.2M,$-225.4K,950979.391922822,1176367.243690449,-225387.85176762711
170,171,CHESS,$15.4M,15364884.873582795,$1.1M,$1M,$50.2K,1073788.1218967454,1023621.4725891232,50166.64930762223
171,172,SANTOS,$13.2M,13169059.310793752,$1M,$1.1M,$-73.6K,1004009.6578739586,1077561.4825285352,-73551.82465457662
172,173,ZEC,$419.5M,419544268.707303800,$1.1M,$951.5K,$162.8K,1114268.479535653,951507.042279905,162761.43725574794
173,174,DUSK,$49.3M,49278494.384155580,$891.6K,$1.2M,$-276.8K,891581.3657359926,1168402.124028883,-276820.7582928905
174,175,MDT,$30.2M,30218957.281035736,$847.7K,$1.2M,$-351.6K,847728.999165634,1199298.249011521,-351569.249845887
175,176,NMR,$79.8M,79840103.503961950,$854.3K,$1.2M,$-330.8K,854346.1423411374,1185173.8718825122,-330827.72954137495
176,177,VIB,$8.9M,8882448.766562501,$1.1M,$924.8K,$171.5K,1096260.0426184915,924774.377491293,171485.66512719847
177,178,MINA,$365.7M,365693781.459583640,$995K,$1M,$-26.6K,994982.6479080026,1021568.835396764,-26586.187488761338
178,179,ZIL,$259.8M,259754118.772101820,$939K,$1.1M,$-131.2K,939003.9809518089,1070206.220028161,-131202.2390763521
179,180,XTZ,$635.7M,635740723.683538600,$937.8K,$1.1M,$-122.8K,937845.6858576743,1060647.4048667715,-122801.71900909717
180,181,PHB,$26M,25951302.578295473,$994.9K,$956.7K,$38.2K,994927.3979855446,956736.343231418,38191.054754126555
181,182,TOMO,$116M,115972829.429983870,$896.7K,$992.3K,$-95.5K,896739.4052480445,992287.7595136426,-95548.35426559803
182,183,ARPA,$54.7M,54695851.561214660,$883K,$1M,$-117K,883045.226189332,1000082.7439290027,-117037.51773967067
183,184,ROSE,$265.7M,265722351.926915700,$751.1K,$1.1M,$-374K,751094.7458042405,1125063.0250251258,-373968.2792208853
184,185,CRO,$1.3B,1281396532.336817500,$1.1M,$776.6K,$320.2K,1096816.5128400652,776629.2367174637,320187.2761226015
185,186,COTI,$51.2M,51182874.274796160,$907K,$956.5K,$-49.5K,907000.8784879997,956470.9961795548,-49470.11769155512
186,187,OUSD,$15.9M,15915709.026174728,$923.7K,$931.1K,$-7.4K,923700.7580645655,931131.1421434118,-7430.384078846371
187,188,GMX,$295.7M,295720373.778804960,$847.5K,$994.9K,$-147.4K,847496.4424223055,994890.8962272073,-147394.45380490186
188,189,BEL,$38.4M,38400070.859583330,$821.5K,$997.2K,$-175.7K,821544.9746752196,997195.349858881,-175650.37518366135
189,190,FTT,$342.8M,342772469.289518700,$932.3K,$874.8K,$57.4K,932276.2543078532,874843.439439048,57432.81486880522
190,191,REI,$25.9M,25919724.000000000,$922K,$865.3K,$56.7K,922039.6524934883,865290.2090848385,56749.443408649735
191,192,BNT,$60.8M,60826214.365339180,$784.2K,$996.2K,$-212K,784205.1138849724,996225.5681820124,-212020.45429703992
192,193,BLUR,$164.8M,164814681.121744630,$735.3K,$1M,$-276.2K,735308.5716026586,1011461.9718500329,-276153.4002473743
193,194,AMP,$72.1M,72092308.685598800,$763.3K,$962.1K,$-198.8K,763268.2362928606,962091.4195188717,-198823.18322601102
194,195,BETH,$0,0.000000000,$390K,$1.3M,$-936.2K,389956.0788209867,1326172.9402851607,-936216.8614641741
195,196,ANT,$173.6M,173603356.033000000,$799.7K,$880.3K,$-80.6K,799685.4324318228,880303.2627102609,-80617.8302784382
196,197,SFP,$238.3M,238315049.761235600,$782.6K,$881.9K,$-99.2K,782626.1385172441,881865.8419519591,-99239.70343471493
197,198,HFT,$67.5M,67486542.964985250,$821.9K,$805.2K,$16.7K,821878.5021854563,805225.5923040768,16652.909881379535
198,199,SUSHI,$146.2M,146214840.598954500,$712.1K,$914.6K,$-202.4K,712143.0952444775,914575.9160919288,-202432.82084745134
199,200,STG,$94.1M,94051786.423551630,$748.4K,$873.7K,$-125.3K,748367.662698009,873670.2790352269,-125302.61633721786
200,201,1INCH,$260.1M,260073952.052221060,$712.9K,$882.2K,$-169.3K,712929.6301097912,882200.3908728822,-169270.76076309115
201,202,COMBO,$38.6M,38644185.774210036,$610.1K,$980.7K,$-370.5K,610147.324198738,980678.446483774,-370531.12228503596
202,203,CHR,$69.5M,69531649.374250780,$730.9K,$857.4K,$-126.6K,730854.5565294176,857429.4838375559,-126574.9273081383
203,204,ONT,$143.7M,143667738.502506430,$669.4K,$909.4K,$-240.1K,669374.166246805,909445.9764928991,-240071.81024609413
204,205,SHPING,$12.5M,12513322.891008000,$807.7K,$755.5K,$52.2K,807679.533944,755486.057728,52193.47621600004
205,206,SIS,$7.2M,7218822.359700000,$148.4K,$1.4M,$-1.2M,148391.915621711,1367309.127545618,-1218917.211923907
206,207,LRC,$237.2M,237238073.637290980,$731.8K,$780.9K,$-49.1K,731778.5695973845,780892.5856085889,-49114.01601120435
207,208,OMG,$62M,61995155.379230250,$709.6K,$802K,$-92.4K,709599.9900137614,802007.9272511145,-92407.93723735308
208,209,WOO,$296.3M,296335869.365825300,$710.2K,$796.3K,$-86.1K,710225.6929402685,796296.3595722866,-86070.66663201802
209,210,THETA,$608M,608024925.062500000,$799.6K,$700.9K,$98.7K,799638.5428041928,700927.9212086013,98710.6215955914
210,211,CLV,$23.6M,23611078.900957800,$730K,$764.9K,$-34.9K,730015.171153208,764918.9733623707,-34903.80220916272
211,212,JOE,$80.9M,80948361.292818170,$656.8K,$823.5K,$-166.7K,656809.281867343,823481.239039782,-166671.9571724389
212,213,API3,$92.9M,92883240.545079650,$713.5K,$763.4K,$-50K,713482.1538962005,763443.4178753861,-49961.263979185576
213,214,RSR,$99.6M,99648696.766666670,$684.9K,$766.5K,$-81.6K,684864.1168835493,766487.206867648,-81623.08998409881
214,215,ENJ,$230.2M,230194443.666666660,$732.6K,$714.1K,$18.5K,732606.3343268875,714134.4244085276,18471.90991836003
215,216,FLOKI,$151.5M,151528586.145579930,$698.1K,$748K,$-49.9K,698127.0790473807,747993.3924544276,-49866.313407046764
216,217,CTSI,$94.5M,94473844.196352700,$700.4K,$737.3K,$-36.9K,700437.832055258,737308.3466069112,-36870.51455165318
217,218,ANKR,$189.2M,189205909.388888840,$672.6K,$752.1K,$-79.5K,672565.7384018134,752078.4275545818,-79512.68915276827
218,219,CETUS,$0,0.000000000,$623.6K,$769.9K,$-146.3K,623553.976162375,769873.18769516,-146319.2115327851
219,220,PEOPLE,$47.7M,47652042.784002320,$565.9K,$799.2K,$-233.3K,565925.9905183783,799176.2693351995,-233250.27881682117
220,221,TFUEL,$204.6M,204648166.392170430,$745.6K,$613.7K,$131.9K,745560.5306069915,613680.0176602179,131880.51294677355
221,222,WBTC,$4.3B,4327742762.538440000,$640.3K,$704.7K,$-64.5K,640265.5559246837,704719.961746891,-64454.405822207336
222,223,DASH,$302.2M,302219450.564813000,$674.3K,$662.1K,$12.3K,674330.5345984135,662052.4883897752,12278.046208638378
223,224,OCEAN,$194.9M,194893647.400562550,$676.3K,$646.6K,$29.7K,676314.2726618072,646641.1992289756,29673.073432831705
224,225,DAR,$35M,34957432.882403220,$627.6K,$684.7K,$-57.1K,627615.2315208481,684691.2546448929,-57076.023124044725
225,226,NAKA,$39.4M,39350372.749770000,$733.3K,$574.6K,$158.7K,733267.709898585,574565.192959004,158702.51693958102
226,227,IRIS,$28.4M,28407890.730274364,$683.6K,$621K,$62.6K,683632.2503572659,621007.6591704135,62624.59118685243
227,228,XVG,$56.7M,56653408.704143636,$641.2K,$661.3K,$-20.1K,641190.8616893475,661304.045103922,-20113.18341457442
228,229,VRA,$40.6M,40592034.389695910,$566.3K,$731.3K,$-165K,566305.2421655329,731346.2263010312,-165040.98413549826
229,230,PNT,$7.8M,7805423.228513900,$631.5K,$641.6K,$-10.1K,631518.8669,641607.2568,-10088.389899999951
230,231,DAI,$5.3B,5340586053.868908000,$585.4K,$663.7K,$-78.3K,585370.7642426431,663706.3135858866,-78335.5493432435
231,232,OKB,$2.6B,2591100224.850000000,$717.5K,$505.6K,$211.9K,717525.3789232001,505627.4666212182,211897.91230198194
232,233,AMB,$13.2M,13169744.597519591,$462.2K,$756.5K,$-294.3K,462175.9559172385,756516.3328830486,-294340.3769658101
233,234,SYN,$44.8M,44801368.143189706,$522.8K,$690K,$-167.2K,522790.67553268065,689964.4034739959,-167173.7279413152
234,235,ASR,$6.6M,6579213.447074527,$515.2K,$693.6K,$-178.4K,515207.756548586,693611.316503636,-178403.55995504995
235,236,YFI,$180.6M,180605267.765552000,$544.3K,$661.5K,$-117.1K,544343.962536591,661469.3181352318,-117125.35559864088
236,237,FXS,$386.2M,386174004.482889650,$436.6K,$761.7K,$-325.1K,436648.17726111604,761715.7717614071,-325067.5945002911
237,238,HOT,$181.2M,181244763.485767570,$516K,$637.8K,$-121.8K,516025.2576060045,637786.3692066134,-121761.11160060897
238,239,PENDLE,$143.6M,143636612.467291150,$564.3K,$586.4K,$-22.1K,564261.140744162,586352.4241527477,-22091.28340858569
239,240,APM,$7M,7022865.698200000,$545.8K,$602.1K,$-56.3K,545771.4000639035,602120.3271549419,-56348.927091038335
240,241,DIA,$26.1M,26091285.009197090,$551.6K,$595.8K,$-44.3K,551576.0750339797,595846.0322008773,-44269.9571668976
241,242,PYR,$90.8M,90755166.366223380,$436.2K,$702.5K,$-266.3K,436199.86561955995,702495.0925001514,-266295.2268805914
242,243,BDX,$187.5M,187501369.163514500,$606.3K,$512.2K,$94.1K,606316.9710347771,512245.5251951044,94071.44583967273
243,244,ENS,$225M,225030539.931892370,$522.2K,$538.4K,$-16.2K,522227.9222520842,538436.6261235682,-16208.703871483911
244,245,JST,$193.4M,193378572.563616000,$509.9K,$535.1K,$-25.2K,509871.2056595858,535078.8022833657,-25207.59662377994
245,246,MLN,$32.8M,32829733.950251594,$572.2K,$460.5K,$111.7K,572207.4808974116,460481.3396645661,111726.14123284546
246,247,POND,$66.9M,66932166.857153036,$484.5K,$540.5K,$-56K,484534.7441792992,540521.6841625466,-55986.93998324747
247,248,QUICK,$21.6K,21559.183201457,$487.5K,$534.9K,$-47.4K,487508.73816447053,534886.296691441,-47377.558526970475
248,249,ORN,$18.4M,18387256.427307446,$461.7K,$548.5K,$-86.7K,461746.8830178061,548461.7970395046,-86714.91402169861
249,250,STRAX,$66M,65996431.753032030,$403.8K,$596.6K,$-192.7K,403836.07075730816,596581.2550281346,-192745.18427082643
250,251,PORTO,$14.2M,14191859.300580000,$536.2K,$459.3K,$76.9K,536182.8921264105,459325.754944189,76857.13718222143
251,252,FOR,$13.8M,13759668.206249999,$363.3K,$625.7K,$-262.4K,363299.113916651,625710.7266002365,-262411.6126835855
253,254,GAS,$24.4M,24445037.315918233,$347.8K,$617.4K,$-269.6K,347823.531512704,617379.1264368414,-269555.5949241375
254,255,OM,$14.5M,14521495.389086513,$442.1K,$520.3K,$-78.1K,442119.4718409299,520255.4247541867,-78135.95291325683
255,256,SKL,$112.4M,112415151.895066230,$343.8K,$606.5K,$-262.7K,343824.98026860505,606536.6517050421,-262711.67143643706
256,257,BAR,$24.5M,24500046.514679097,$436.6K,$513.2K,$-76.6K,436642.76682102,513213.941291837,-76571.174470817
257,258,LQTY,$75.7M,75716469.655761880,$455.1K,$485.5K,$-30.3K,455148.53547251475,485482.6611322162,-30334.125659701436
258,259,UMA,$102M,102040720.446122100,$424.2K,$515.4K,$-91.3K,424188.66815505107,515448.0608633637,-91259.3927083126
259,260,CITY,$17.1M,17079725.238257440,$454.4K,$473.1K,$-18.6K,454437.2345539349,473060.6491495471,-18623.41459561224
260,261,IOTX,$142.7M,142674036.581841230,$504.3K,$423.2K,$81.1K,504298.89886339044,423185.3129186867,81113.58594470374
261,262,PZP,$3.3M,3346618.492000000,$527.6K,$397.1K,$130.5K,527590.64739346,397106.40508006,130484.24231340003
262,263,XEC,$454.3M,454292723.564606200,$434.2K,$474.1K,$-39.9K,434181.8430204675,474099.4361190647,-39917.593098597164
263,264,FLUX,$100.7M,100662150.070170690,$433.5K,$458.2K,$-24.7K,433490.50744471536,458238.5716136001,-24748.06416888476
264,265,QTUM,$225.2M,225233871.505923000,$401.1K,$482.5K,$-81.5K,401088.72284880665,482547.41872061626,-81458.69587180967
265,266,ACA,$37.9M,37877957.617598794,$338.1K,$536.5K,$-198.4K,338094.53163174755,536464.4490535796,-198369.91742183204
266,267,RAY,$40.2M,40192505.897941485,$446K,$412.1K,$33.9K,445983.19352885295,412126.729186496,33856.46434235695
267,268,ALICE,$39.4M,39361056.020542500,$404K,$445.2K,$-41.3K,403974.7221234073,445226.4348858855,-41251.71276247821
268,269,CTK,$42.7M,42700439.424398620,$376.4K,$462.4K,$-85.9K,376428.9212570125,462359.53843703883,-85930.61718002634
269,270,ADX,$18.9M,18928327.254768826,$413.6K,$412.5K,$1.1K,413582.9678714165,412477.80339525896,1105.164476157519
270,271,BNX,$0,0.000000000,$370K,$449.6K,$-79.7K,369967.4317249518,449641.1806102336,-79673.74888528185
271,272,HARD,$14.7M,14693887.593708495,$387.7K,$426.1K,$-38.4K,387701.1356157265,426057.053997815,-38355.91838208847
272,273,DGB,$105.6M,105589729.709128920,$381.3K,$432.4K,$-51.1K,381261.7322639035,432404.46057084197,-51142.7283069385
273,274,GTC,$58.7M,58735921.295943110,$371.1K,$439.1K,$-68K,371082.39867153,439087.908328731,-68005.509657201
274,275,T,$158M,157982012.511621500,$378.4K,$431.6K,$-53.2K,378420.4479483807,431643.9502643782,-53223.50231599751
275,276,BSV,$603.1M,603089443.414073200,$362.4K,$447.5K,$-85.1K,362413.2998850839,447520.7763978032,-85107.47651271931
276,277,TOMI,$259.5M,259458701.629600020,$391.6K,$404.5K,$-12.9K,391584.45095804,404456.092600286,-12871.641642245988
277,278,LAZIO,$15.9M,15853082.583020002,$367.9K,$425.3K,$-57.5K,367857.45819381624,425319.29916943156,-57461.84097561531
278,279,IDEX,$31.2M,31190661.229274810,$369.5K,$422.2K,$-52.6K,369546.9889550422,422152.1883294463,-52605.199374404154
279,280,MDX,$64.3M,64271191.049439110,$383.9K,$390.4K,$-6.6K,383854.9637206172,390416.17458481085,-6561.21086419369
280,281,ZEN,$102.8M,102756229.892276100,$314.8K,$458.5K,$-143.6K,314813.09622719587,458454.68938099465,-143641.5931537988
281,282,VELO,$18.7M,18741792.826416840,$351.5K,$417.8K,$-66.3K,351499.15248988336,417798.84742916306,-66299.69493927964
282,283,VOXEL,$15.4M,15366095.185798302,$356K,$407.2K,$-51.1K,356034.78297302406,407177.4424142039,-51142.65944117987
283,284,PROM,$72.7M,72719408.508437500,$366.5K,$388.7K,$-22.2K,366513.6239998891,388699.49173304753,-22185.867733158422
284,285,TLM,$36.8M,36790337.489711080,$340.9K,$386.5K,$-45.6K,340884.4862883254,386476.85382862686,-45592.36754030151
285,286,TWT,$333.4M,333440894.048475000,$332K,$364.1K,$-32.1K,331995.7025012373,364137.5304187139,-32141.82791747663
286,287,SLP,$58.4M,58397811.866333745,$349.2K,$344.4K,$4.8K,349179.11930610274,344389.3096043833,4789.80970171947
287,288,SRM,$10.7M,10708957.750586350,$358.9K,$329.1K,$29.8K,358892.2922800937,329126.3125441188,29765.97973597495
288,289,MOVR,$30.7M,30703249.769285083,$338.9K,$346.7K,$-7.8K,338913.4652751043,346747.0753761375,-7833.610101033191
289,290,KP3R,$19M,19029059.081136003,$264.2K,$421.1K,$-156.9K,264248.49963965,421101.21137332,-156852.71173367
290,291,WTC,$13.5M,13521268.883328347,$328.4K,$355.2K,$-26.8K,328400.428757032,355206.6353441145,-26806.206587082517
291,292,ALPHA,$64M,63952570.576500006,$329.1K,$350.1K,$-21.1K,329063.4785136985,350130.04647541704,-21066.56796171857
292,293,DREP,$11.5M,11506555.385882813,$321.8K,$355.4K,$-33.6K,321837.67227626697,355446.46264512,-33608.79036885302
293,294,NKN,$65.3M,65307103.916638434,$284.8K,$391.4K,$-106.7K,284766.77988915285,391427.8627113711,-106661.08282221822
294,295,IOST,$132.4M,132355060.724349590,$320.4K,$353.6K,$-33.2K,320391.68826826493,353625.5264359337,-33233.838167668786
295,296,OSMO,$164.9M,164945172.185070700,$331.3K,$336.5K,$-5.2K,331320.02536182123,336535.51590010675,-5215.490538285514
296,297,FITFI,$6.7M,6660897.008580800,$303.1K,$363.1K,$-60K,303082.01439046126,363095.50312799995,-60013.48873753869
297,298,ATA,$32.9M,32922082.264902275,$366.9K,$295.9K,$71K,366923.70996926003,295896.1995010025,71027.5104682575
298,299,REN,$49.1M,49116322.978248040,$362K,$294.5K,$67.4K,361951.6708565661,294517.59394309367,67434.07691347241
299,300,CELR,$89.8M,89776359.753049170,$271.7K,$383.1K,$-111.3K,271748.1137833395,383080.10645617894,-111331.99267283943
300,301,ATM,$9.6M,9550406.540094001,$294.4K,$358.8K,$-64.4K,294431.092454773,358809.964318477,-64378.87186370401
301,302,EPX,$12.3M,12256161.738777611,$295K,$355.9K,$-60.9K,294983.971470445,355889.737532969,-60905.766062523995
302,303,JUV,$11.7M,11708057.390645150,$294.4K,$354.2K,$-59.7K,294426.677826854,354151.998518958,-59725.32069210399
303,304,KDA,$125.2M,125176205.338796720,$289.3K,$344.6K,$-55.4K,289253.93531435804,344625.4586477205,-55371.52333336249
304,305,SOFI,$10.2M,10202680.566240000,$258.3K,$375.1K,$-116.8K,258281.38702887026,375056.3872471796,-116775.00021830932
305,306,IGU,$1.8M,1832052.241870000,$213.9K,$413.7K,$-199.8K,213863.64794541,413685.055716799,-199821.407771389
306,307,KSM,$161.7M,161719396.006316330,$282.8K,$326K,$-43.2K,282775.0348998686,325981.5277779329,-43206.49287806431
307,308,TAMA,$12.5M,12498378.374430000,$292.3K,$303.6K,$-11.3K,292283.8163818,303600.94459867,-11317.128216870013
308,309,LTO,$24.4M,24372740.506224476,$373.2K,$214.1K,$159.1K,373228.6671071305,214116.289337865,159112.37776926553
309,310,POLYX,$80M,80025339.802191540,$325K,$260.3K,$64.8K,325001.24707418,260250.48875586264,64750.758318317334
310,311,ICX,$165M,164964514.707341880,$281.9K,$295.7K,$-13.8K,281918.27121016214,295746.8589124301,-13828.587702267992
311,312,SUPER,$32.9M,32898680.291477893,$263.7K,$311.4K,$-47.6K,263748.516346786,311377.7760067425,-47629.259659956515
312,313,LOKA,$13.6M,13595980.441226788,$261.7K,$304.7K,$-43K,261719.25848164133,304735.2892488247,-43016.030767183365
313,314,PHA,$58.1M,58142915.290171040,$276.6K,$289.2K,$-12.6K,276630.088101089,289235.357216657,-12605.269115567982
314,315,DENT,$61.7M,61670034.608906040,$254.3K,$309.5K,$-55.2K,254323.34935048342,309475.1753640234,-55151.826013540005
315,316,FLR,$258M,257963921.086789900,$354.3K,$208.4K,$145.9K,354292.09964545676,208432.37307432713,145859.72657112963
316,317,KRL,$10.1M,10099921.294599999,$282.5K,$276.4K,$6K,282469.03696,276449.10865,6019.928309999988
317,318,GLMR,$121.5M,121493871.890564860,$267.2K,$288.9K,$-21.7K,267162.38772020506,288884.56680789706,-21722.17908769199
318,319,RLC,$73.9M,73908064.704646690,$259.5K,$286.2K,$-26.7K,259482.13076223724,286192.7289847506,-26710.598222513356
319,320,GFT,$8.4M,8447575.721750006,$254.1K,$287.4K,$-33.3K,254053.51591652003,287355.80225920497,-33302.28634268495
320,321,ROUTE,$25.7M,25739057.605103780,$270.9K,$267K,$3.9K,270923.43548416,267015.15615622,3908.279327940021
321,322,POLS,$25.8M,25755868.568184532,$271.9K,$260.7K,$11.2K,271887.4375829556,260694.7936946241,11192.64388833149
322,323,ERN,$28.4M,28399214.459521554,$245K,$286.2K,$-41.2K,245003.88812559,286240.150401325,-41236.26227573503
323,324,DATA,$21.2M,21204566.516948060,$227.1K,$275.3K,$-48.3K,227073.6576144855,275333.3993439621,-48259.741729476584
324,325,CSPR,$385.7M,385684064.107610940,$284.6K,$213.6K,$71K,284574.8130787213,213578.91119273874,70995.90188598257
325,326,BAND,$139.4M,139361469.193651530,$233.2K,$264.1K,$-30.9K,233239.70898604376,264089.91269514995,-30850.2037091062
326,327,AST,$15.4M,15400733.203112269,$271.6K,$218.7K,$52.9K,271602.30749589147,218684.85894017352,52917.44855571799
327,328,CVX,$210.2M,210244898.571776630,$247.6K,$234.1K,$13.5K,247625.42383550789,234136.69791517546,13488.72592033244
328,329,WIN,$58.7M,58686575.122184510,$224.7K,$255.4K,$-30.8K,224668.08909573173,255438.1826415874,-30770.093545855663
329,330,ALPACA,$20.5M,20546789.250096943,$245.8K,$232.3K,$13.5K,245750.1935977444,232262.28737023717,13487.9062275072
330,331,RVN,$193.1M,193099037.094679470,$190.1K,$285.5K,$-95.4K,190109.37623757555,285476.9971401444,-95367.62090256884
331,332,AIOZ,$12.2M,12201541.038879000,$208.9K,$259.9K,$-51K,208940.396740597,259913.373554381,-50972.976813783986
332,333,MXT,$0,0.000000000,$215.5K,$240.9K,$-25.5K,215493.464079441,240948.352109112,-25454.888029670983
333,334,AVA,$24.1M,24086738.283804400,$219.8K,$231.5K,$-11.7K,219775.24902019772,231511.31543969145,-11736.066419493749
334,335,CTXC,$26.2M,26222226.429747686,$204.9K,$243.8K,$-38.9K,204910.51292622395,243793.4775800272,-38882.96465380324
335,336,MXC,$26.1M,26101625.697060596,$177.9K,$269.4K,$-91.5K,177918.08088296023,269389.61724166636,-91471.53635870613
336,337,NEXO,$313M,313044735.069092900,$212.2K,$234.9K,$-22.7K,212153.21353869338,234897.1628081605,-22743.949269467106
337,338,FANC,$0,0.000000000,$188.6K,$256K,$-67.4K,188578.97521779654,255959.94361800747,-67380.96840021093
338,339,GHST,$41.1M,41072954.545354290,$283.5K,$147K,$136.5K,283488.86251363397,146976.920340519,136511.942173115
339,340,CVC,$72.2M,72193333.333333330,$210.8K,$219.3K,$-8.5K,210815.989088539,219341.620956105,-8525.631867565993
340,341,KMD,$29.8M,29805205.066234846,$187.8K,$239.6K,$-51.8K,187768.26365458817,239551.63571995622,-51783.37206536805
341,342,ACM,$11.4M,11420518.596689700,$197.7K,$227.3K,$-29.6K,197730.364219549,227339.480156117,-29609.115936568
342,343,NULS,$19.2M,19217232.396482352,$230.5K,$190.7K,$39.7K,230463.6721602525,190725.5690626975,39738.10309755499
343,344,XDB,$1.3M,1256546.826989207,$202.6K,$214.8K,$-12.3K,202573.934184749,214846.872011703,-12272.937826954003
344,345,SCRT,$54.1M,54078999.946177810,$208.7K,$206.8K,$1.9K,208723.82620937403,206845.8608741786,1877.9653351954294
345,346,VITE,$11.9M,11854867.207213892,$202.1K,$211.2K,$-9.1K,202074.627494192,211150.48891040302,-9075.861416211
346,347,PAXG,$474.2M,474249485.426685040,$158K,$254.7K,$-96.7K,158042.83397098776,254732.76296969206,-96689.9289987043
347,348,LHINU,$0,0.000000000,$209.9K,$202.4K,$7.5K,209910.341661831,202408.074192831,7502.267468999984
348,349,ETHW,$140.1M,140096772.795507580,$149.5K,$262.1K,$-112.6K,149459.55875438068,262102.26046956202,-112642.70171518135
349,350,BAT,$256.6M,256647817.017029670,$170.5K,$234.7K,$-64.2K,170519.29532016252,234675.59130623928,-64156.29598607676
350,351,BAL,$171.2M,171224537.324187700,$226.2K,$177.3K,$48.9K,226167.98974988345,177264.19663749443,48903.79311238901
351,352,FIRO,$19.3M,19261119.447925065,$192.1K,$210.2K,$-18.1K,192126.60078262902,210176.834462487,-18050.23367985799
352,353,RPL,$446.8M,446838410.123498500,$197.6K,$204.2K,$-6.6K,197647.8682626193,204204.4939149331,-6556.625652313778
353,354,ILV,$146.9M,146929116.371074500,$168.3K,$223.8K,$-55.5K,168320.8154468294,223790.5529440841,-55469.73749725471
354,355,XPR,$13.2M,13224242.871729998,$177.1K,$214K,$-36.9K,177098.20733700698,213971.7131917639,-36873.50585475694
355,356,TARA,$15.9M,15914597.488882745,$186.1K,$199.3K,$-13.2K,186127.13952438429,199322.40620328972,-13195.26667890544
356,357,PUNDIX,$86.9M,86866114.691141500,$178.4K,$205.5K,$-27K,178443.71971716275,205479.7734162591,-27036.053699096356
357,358,POWR,$71.3M,71347628.451435880,$180.3K,$190.9K,$-10.6K,180308.00147606508,190916.06913913882,-10608.067663073738
358,359,TENET,$0,0.000000000,$182K,$181.6K,$359,182004.640336103,181644.887643757,359.75269234599546
360,361,BIFI,$1.5M,1493437.624164000,$182.2K,$178.3K,$3.9K,182214.380549203,178335.589223063,3878.7913261399954
361,362,MBOX,$49.9M,49886198.087835126,$154.2K,$205.7K,$-51.5K,154242.97057719994,205693.02541229635,-51450.0548350964
362,363,DEGO,$19.1M,19111644.741854444,$169.7K,$185.7K,$-16K,169720.78680285666,185722.86766824892,-16002.08086539224
363,364,XYM,$137M,136991227.323702250,$152K,$202.4K,$-50.4K,151963.64963324726,202386.37490480064,-50422.72527155338
364,365,FLZ,$0,0.000000000,$208.1K,$144.2K,$63.9K,208072.52013034877,144213.5512836208,63858.96884672798
365,366,DEXE,$81.3M,81288604.288499390,$211.8K,$134.1K,$77.6K,211767.0600960895,134133.7206205918,77633.33947549769
366,367,CBETH,$0,0.000000000,$46.1K,$298.7K,$-252.6K,46116.73717732947,298744.4508557718,-252627.7136784423
367,368,ONG,$77.6M,77634998.630479430,$184.1K,$160.3K,$23.8K,184060.97547206984,160257.99120431184,23802.98426775799
368,369,TROY,$20.2M,20242875.000000000,$157.1K,$181.7K,$-24.7K,157082.791254,181745.766077,-24662.974822999997
369,370,UMEE,$0,0.000000000,$154K,$184.3K,$-30.3K,153969.807915298,184275.128097687,-30305.320182388998
370,371,MBL,$44.1M,44076483.322604160,$133.1K,$196.4K,$-63.4K,133069.5368694282,196435.1447860185,-63365.60791659031
371,372,LADYS,$26.4M,26437176.836354986,$151.5K,$176.4K,$-25K,151492.366950004,176449.985839264,-24957.61888925999
372,373,QKC,$47.1M,47139344.411481746,$182.3K,$145.3K,$37K,182347.64357024367,145336.30185795313,37011.34171229054
373,374,CKB,$115.5M,115529555.425747200,$161.8K,$165K,$-3.2K,161750.14778638454,164985.14237653452,-3234.9945901499786
374,375,LOOKS,$51.6M,51638344.007359720,$159.6K,$163.5K,$-3.9K,159646.06697265786,163525.07082493836,-3879.0038522804816
375,376,AMO,$7.5M,7487536.159999999,$148.6K,$173K,$-24.4K,148625.4627953914,173038.76247338846,-24413.29967799707
376,377,FB,$2.2M,2208776.000000000,$159.8K,$157.1K,$2.7K,159792.369465793,157125.159725292,2667.2097405009845
377,378,PLA,$82.9M,82855448.181911720,$158.3K,$156.2K,$2.2K,158349.03789383903,156158.05063005106,2190.9872637879926
378,379,GNS,$95.2M,95228466.612999990,$159.9K,$153.8K,$6K,159861.6204971786,153822.42228463272,6039.19821254589
379,380,BICO,$134.8M,134752795.937612000,$174.6K,$136.7K,$37.9K,174604.55514784448,136744.4566093049,37860.09853853959
380,381,HIVE,$145.8M,145784511.503318160,$145.8K,$162K,$-16.1K,145831.40118124455,161964.61977323462,-16133.218591990066
381,382,QI,$21M,21046040.047716050,$143.7K,$160.7K,$-17K,143744.439178264,160726.9843800635,-16982.545201799516
382,383,XCH,$230.8M,230807583.701235650,$132.2K,$169.5K,$-37.3K,132193.53052010774,169493.132394316,-37299.60187420825
383,384,DFI,$249.5M,249540592.877075880,$129.8K,$169.2K,$-39.4K,129750.24035466963,169198.61937945988,-39448.379024790236
384,385,SHA,$1.2M,1202342.158400000,$145.2K,$149.5K,$-4.2K,145240.449170715,149459.167965163,-4218.71879444801
385,386,FORT,$43.4M,43431696.317879190,$114K,$180.6K,$-66.6K,114039.727687,180647.815274,-66608.08758699997
386,387,ARX,$0,0.000000000,$26.8K,$266.6K,$-239.8K,26838.69702132,266608.199801421,-239769.50278010103
387,388,BTCDOWN,$0,0.000000000,$141.4K,$149.9K,$-8.5K,141408.76932989,149905.72577035,-8496.956440459995
388,389,SWFTC,$4.3M,4343305.653040529,$158K,$132.2K,$25.9K,158034.06229661615,132182.37597593124,25851.686320684923
389,390,TKO,$34.9M,34942841.323765434,$110.3K,$178.2K,$-67.9K,110294.5736191522,178202.23420566294,-67907.66058651076
390,391,BTT,$380.1M,380140545.942971200,$130.5K,$156.9K,$-26.4K,130473.69159822474,156912.67035755608,-26438.978759331345
391,392,ACS,$54.1M,54107423.549937190,$128.6K,$151.4K,$-22.9K,128567.90284311946,151434.9964605119,-22867.09361739245
392,393,SIX,$0,0.000000000,$225.4K,$53.7K,$171.7K,225417.9731241944,53728.1472030777,171689.8259211167
393,394,WAN,$36.6M,36644149.763603660,$131K,$146.6K,$-15.6K,131011.38610695917,146647.03485600027,-15635.64874904111
394,395,INT,$0,0.000000000,$274.8K,$2.5K,$272.3K,274799.2513608427,2467.0639126693,272332.18744817347
395,396,AI,$0,0.000000000,$151.3K,$124.5K,$26.8K,151277.26933894,124515.598824387,26761.670514553014
396,397,REQ,$63.9M,63934924.700433490,$145.2K,$130.6K,$14.7K,145208.45634894408,130552.06434968038,14656.39199926371
397,398,MM,$0,0.000000000,$137.6K,$136.6K,$971,137580.029161332,136608.697454589,971.3317067429889
398,399,EGG,$8.7M,8705623.516499838,$108.7K,$164.7K,$-56K,108746.9717760348,164704.4882029522,-55957.5164269174
399,400,ETHDOWN,$0,0.000000000,$141.8K,$131.4K,$10.5K,141824.827919,131355.028955,10469.798964000016
400,401,MOVEZ,$387.8K,387788.651507880,$130.2K,$135.5K,$-5.4K,130162.17167316,135543.45932148,-5381.287648320009
401,402,DOCK,$12.6M,12570167.896651017,$148.3K,$114.6K,$33.7K,148301.9185537665,114593.0844411935,33708.83411257299
402,403,GLM,$175.4M,175405164.428571430,$140.3K,$122.1K,$18.2K,140343.01593471196,122140.4349771407,18202.580957571263
403,404,AERGO,$43M,43002384.984438606,$142.2K,$117.7K,$24.5K,142172.38971427947,117695.41682693256,24476.9728873469
404,405,XDC,$732.4M,732371368.878339000,$120.4K,$135.1K,$-14.7K,120403.43936067839,135118.409366215,-14714.970005536617
405,406,ETHUP,$0,0.000000000,$125.4K,$119.7K,$5.7K,125387.14271,119662.03902,5725.103690000004
406,407,DCR,$208.5M,208499076.694455680,$111.7K,$132.1K,$-20.3K,111722.518561332,132051.9038179026,-20329.385256570597
407,408,CRPT,$6.6M,6613893.915843021,$108.2K,$134.1K,$-25.9K,108168.250802548,134080.716799023,-25912.465996475003
408,409,METIS,$46.4M,46420811.898305000,$95.5K,$135K,$-39.4K,95515.99574491,134964.12005203,-39448.12430712
409,410,ARKER,$0,0.000000000,$107K,$120.8K,$-13.8K,106953.86741709,120785.439312478,-13831.571895387999
410,411,UTK,$27.5M,27475364.416666664,$106.5K,$118.4K,$-11.9K,106524.569335256,118418.233320158,-11893.663984901996
411,412,HYDRA,$2.7M,2728343.554000000,$28.9K,$193.3K,$-164.4K,28865.9876635,193279.84075,-164413.8530865
412,413,ZCX,$0,0.000000000,$105.6K,$114.5K,$-8.9K,105592.461588054,114466.639503892,-8874.177915838009
413,414,PRIME,$93.8M,93847983.021860700,$116.9K,$102.9K,$14K,116854.76037,102884.47659,13970.283779999998
414,415,AKT,$193.1M,193114122.230476200,$107.7K,$110.4K,$-2.6K,107740.89303607,110356.84251555,-2615.9494794799975
415,416,XEM,$229.7M,229716377.524476000,$98.4K,$119.3K,$-20.9K,98383.52756368152,119275.37621128408,-20891.848647602565
416,417,TORN,$11.5M,11517917.143755120,$102.2K,$115.4K,$-13.1K,102246.86813458,115352.20645325,-13105.338318669994
417,418,SLIM,$3M,3000000.000000000,$124.7K,$90.9K,$33.9K,124737.013637748,90850.467473334,33886.54616441399
418,419,1EARTH,$110.6K,110643.342143640,$155.3K,$59.4K,$95.9K,155270.5599287,59400.63995248,95869.91997622
419,420,MMM,$0,0.000000000,$175.3K,$34.7K,$140.6K,175318.260508016,34717.948298136,140600.31220988
420,421,BETA,$51.8M,51801067.447220080,$103.7K,$105.7K,$-2.1K,103665.10899079464,105742.2131630303,-2077.104172235665
421,422,TRIAS,$33.4M,33366062.169909050,$97.8K,$104.4K,$-6.6K,97756.018220613,104361.63443927,-6605.616218657
422,423,RIO,$1.3M,1269037.113319504,$118K,$83.8K,$34.2K,117950.491415488,83769.090395948,34181.40101953999
423,424,OKT,$0,0.000000000,$63.1K,$137.8K,$-74.7K,63129.704634465474,137784.64941986866,-74654.94478540318
424,425,TAKI,$0,0.000000000,$101.5K,$98.2K,$3.3K,101502.878971344,98157.843693999,3345.0352773449995
425,426,UPO,$0,0.000000000,$116.5K,$82.7K,$33.9K,116532.650211081,82668.66035905,33863.989852030994
426,427,WOOP,$1.1M,1053773.885770000,$101.5K,$97.3K,$4.1K,101459.67090841,97318.013451965,4141.657456444998
427,428,LAT,$29.5M,29463139.991543304,$79.8K,$118.1K,$-38.3K,79789.079647913,118094.60356381,-38305.52391589701
428,429,ARDR,$63.6M,63579308.709793165,$94.9K,$102.7K,$-7.8K,94935.41196350765,102739.1285196066,-7803.716556098956
429,430,ASM,$14.3M,14250592.385320198,$156.8K,$40.9K,$115.9K,156755.5406689424,40887.74302216541,115867.79764677702
430,431,STEEM,$72.2M,72180026.431109530,$90K,$104.5K,$-14.5K,89991.97130873604,104481.07926614792,-14489.107957411888
431,432,MOB,$105.8M,105827812.619295600,$87.6K,$106.7K,$-19.1K,87559.55924676925,106652.93238721939,-19093.373140450145
432,433,LOCUS,$40.2M,40164511.795806750,$6.5K,$187.7K,$-181.1K,6527.484619362,187667.828514967,-181140.343895605
433,434,NGL,$0,0.000000000,$174.7K,$17.9K,$156.8K,174736.074571764,17922.83806497,156813.236506794
434,435,CGPT,$4.6M,4617274.619374767,$139.7K,$52.4K,$87.3K,139660.659120033,52375.479820928,87285.179299105
435,436,RIF,$68.3M,68320236.792048320,$79.5K,$108.9K,$-29.3K,79542.1531162455,108862.435543261,-29320.282427015503
436,437,SC,$156.3M,156313671.594736000,$78.3K,$106.7K,$-28.4K,78340.04936833224,106722.80008419945,-28382.75071586721
437,438,KLV,$25.5M,25496720.547505930,$67.9K,$116K,$-48.1K,67940.246363279,116011.451769392,-48071.205406113004
438,439,SUN,$51.4M,51383328.059561400,$85K,$98.3K,$-13.3K,84990.97557037807,98336.48038925709,-13345.504818879035
439,440,XCAD,$39.4M,39431282.549057930,$84.3K,$98.9K,$-14.6K,84300.46803733,98860.199308499,-14559.731271168988
440,441,H2O,$23.9M,23924120.045100000,$91.2K,$89.9K,$1.3K,91228.45174292,89921.95633156,1306.4954113600106
441,442,FIO,$12.6M,12638008.460314283,$76.2K,$98K,$-21.9K,76153.720715823,98038.109245072,-21884.388529248998
442,443,IQ,$70.2M,70176529.257959950,$115.3K,$57.5K,$57.8K,115281.03484127001,57518.299079916,57762.735761354
443,444,MELOS,$0,0.000000000,$108.4K,$63.2K,$45.2K,108408.284012216,63226.466399075,45181.817613141
445,446,MCO2,$0,0.000000000,$62.6K,$106.4K,$-43.8K,62649.7163,106407.4768,-43757.760500000004
446,447,BOBA,$19.6M,19586100.588326924,$154.1K,$14.4K,$139.7K,154121.78027331436,14392.3516924364,139729.42858087795
447,448,SYS,$64.3M,64329425.526161300,$70.8K,$96.3K,$-25.6K,70758.20818660551,96349.23007990824,-25591.021893302743
448,449,NCT,$13.5M,13495498.361234017,$103K,$62.9K,$40.1K,103013.14038681617,62863.79625564719,40149.34413116898
449,450,FT,$0,0.000000000,$164.5K,$1.2K,$163.3K,164542.79835526,1206.36685334,163336.43150192
450,451,NFT,$372.3M,372279736.817618100,$78.7K,$84.7K,$-6K,78687.34633157136,84653.21673685474,-5965.870405283384
451,452,YFII,$16.5M,16471127.838480001,$69.6K,$93.6K,$-24.1K,69583.3319420574,93642.19115802125,-24058.859215963847
452,453,BTG,$227.2M,227190616.796508000,$61.9K,$99K,$-37.1K,61901.64670893869,98992.28076646398,-37090.63405752529
453,454,ROOBEE,$2.2M,2177945.620266253,$96.1K,$63.8K,$32.3K,96069.94201852466,63765.6956395914,32304.246378933254
454,455,BDOT,$0,0.000000000,$145.6K,$12.4K,$133.2K,145582.390674604,12420.859499926,133161.53117467798
455,456,GODS,$40.3M,40254730.109731900,$66.1K,$90.7K,$-24.6K,66070.401350218,90686.52123266499,-24616.119882446998
456,457,DIMO,$13.1M,13067899.634186717,$77.8K,$78.4K,$-595,77784.823975,78379.879074,-595.0550989999902
457,458,AZERO,$203M,202992103.891990000,$54.8K,$99.9K,$-45.1K,54826.41583941,99888.86047281,-45062.4446334
458,459,EVER,$96.1M,96149221.642926410,$39.1K,$114.4K,$-75.3K,39118.22094408005,114407.05436941364,-75288.83342533358
459,460,LSK,$92.9M,92912400.504920800,$39K,$114.5K,$-75.4K,39034.1128784916,114482.61636705954,-75448.50348856795
460,461,VR,$9.1M,9120037.000397814,$79.1K,$74K,$5.1K,79123.389928165,74030.577756331,5092.812171833997
461,462,CHMB,$0,0.000000000,$78.2K,$73.7K,$4.6K,78247.669180522,73660.765844757,4586.903335765004
462,463,STRK,$38.3M,38348143.135363710,$147K,$1.2K,$145.7K,146958.4780129827,1222.4740129475501,145736.00400003514
463,464,INFRA,$0,0.000000000,$75.8K,$72.4K,$3.4K,75781.67928114,72356.86031288,3424.8189682599914
464,465,BONE,$184.8M,184766404.560546370,$77.3K,$70.3K,$7K,77257.27660115,70282.14751131,6975.129089840004
465,466,ELON,$74.2M,74203123.971543300,$74.4K,$73.1K,$1.2K,74355.842686658,73109.334838642,1246.507848016001
466,467,AIPAD,$222.4K,222414.000000000,$72.6K,$73.7K,$-1.1K,72614.436739853,73712.96063841,-1098.5238985570031
467,468,XRD,$565.4M,565437192.672130700,$53.6K,$92.3K,$-38.7K,53643.2167699904,92302.45384659866,-38659.23707660825
468,469,MLK,$79.3M,79349577.574669210,$97.6K,$48.1K,$49.6K,97628.40387380976,48078.38487382203,49550.018999987726
469,470,POLX,$1.1M,1110987.389677720,$66.9K,$78K,$-11.1K,66912.83927715,78015.654018863,-11102.81474171301
470,471,AGI,$14.8M,14776063.772626020,$63.2K,$80.2K,$-17K,63186.682029107586,80222.26326178228,-17035.581232674696
472,473,KCS,$415M,414984511.766900800,$64.2K,$79.1K,$-15K,64161.5596429,79145.8135018,-14984.253858900003
473,474,ERTHA,$404.2K,404172.492375000,$72.5K,$70.8K,$1.8K,72522.059062773,70760.609699207,1761.4493635660037
474,475,SOUL,$9.1M,9143208.337069614,$71.9K,$66.3K,$5.7K,71921.32126342,66270.11404929,5651.207214130001
475,476,CIRUS,$2.1M,2078620.840890000,$107.6K,$28.4K,$79.2K,107612.588856558,28420.676814836,79191.912041722
477,478,RARE,$29M,28964847.636962250,$59.9K,$74K,$-14.1K,59903.8157496347,74003.952163289,-14100.136413654298
478,479,EM,$1M,1044476.521130390,$53.6K,$78.8K,$-25.2K,53645.106443967,78820.352219387,-25175.24577542
480,481,XNO,$81.3M,81321755.464202140,$66.4K,$64K,$2.3K,66352.8165159679,64036.6156006468,2316.2009153211
481,482,WRX,$35.7M,35679169.177722506,$60.7K,$68.8K,$-8.2K,60688.595452071,68839.831450535,-8151.235998464005
482,483,PRE,$9.5M,9536918.204880000,$103.1K,$26.2K,$76.8K,103055.570642283,26237.227209472,76818.343432811
483,484,ZEE,$738.9K,738949.038300000,$66.1K,$61.4K,$4.7K,66127.134920686,61407.686905015,4719.448015671005
484,485,DOME,$12.1M,12058564.425224900,$64K,$63.5K,$480,63972.839799505,63491.874978463,480.9648210420055
485,486,stETH,$14B,14007914068.510030000,$26.5K,$100.8K,$-74.3K,26462.11087804,100796.39533332,-74334.28445528001
486,487,DNT,$23.6M,23600000.000000000,$56.4K,$70.8K,$-14.4K,56370.212053729454,70791.81967,-14421.607616270545
487,488,UNIC,$0,0.000000000,$65.2K,$61.8K,$3.5K,65237.1333007,61753.6709797,3483.462320999999
488,489,DAO,$108M,107971292.173056000,$59.9K,$66.8K,$-6.9K,59894.84614170244,66792.61400255124,-6897.767860848806
489,490,SYLO,$3M,2966573.340240000,$29.5K,$97K,$-67.5K,29502.71251198,97014.120212899,-67511.40770091901
490,491,CHE,$0,0.000000000,$46.3K,$79.6K,$-33.4K,46256.498508529,79609.332713773,-33352.83420524399
491,492,LSETH,$0,0.000000000,$76.5K,$48.7K,$27.8K,76484.219774063,48681.942288357706,27802.2774857053
492,493,DOSE,$1.6M,1618882.816150014,$63.2K,$61.8K,$1.4K,63151.848722450806,61786.9060875389,1364.9426349119076
493,494,SOLVE,$17.1M,17063375.470000003,$73.3K,$51.7K,$21.6K,73271.77093811365,51664.09417627954,21607.6767618341
494,495,DERC,$16.7M,16692060.000000000,$59.2K,$64.8K,$-5.6K,59172.16325973,64810.34666827,-5638.183408540004
495,496,SWEAT,$48.3M,48259454.844356310,$56.4K,$66.7K,$-10.3K,56368.612102324,66692.4081158,-10323.796013476007
496,497,ORAI,$22M,21994224.480000000,$62.7K,$58.4K,$4.3K,62667.6094171,58382.155684,4285.453733100003
497,498,SNT,$84.8M,84799792.618667870,$62K,$58.9K,$3.1K,61950.13895579474,58874.382033238595,3075.7569225561456
498,499,HEART,$0,0.000000000,$63.2K,$55.9K,$7.3K,63187.635560642,55862.434324598,7325.2012360439985
499,500,SHILL,$3.1M,3056552.957815200,$58K,$61K,$-3K,57981.309651291,60986.700675545,-3005.3910242540005
